filename_fullpath,filename
/fh/fast/bloom_j/SR/ngs/illumina/fwelsh/221027_VH01189_20_AAC7KHTM5/Unaligned/Project_fwelsh/ser13_4x_S7_R1_001.fastq.gz,libA_221027_1_antibody_AUSAB-13_0.00752_1.fastq.gz
/fh/fast/bloom_j/SR/ngs/illumina/fwelsh/221027_VH01189_20_AAC7KHTM5/Unaligned/Project_fwelsh/ser13_2-6x_S8_R1_001.fastq.gz,libA_221027_1_antibody_AUSAB-13_0.00501333_1.fastq.gz
/fh/fast/bloom_j/SR/ngs/illumina/fwelsh/221027_VH01189_20_AAC7KHTM5/Unaligned/Project_fwelsh/ser13_1-7x_S9_R1_001.fastq.gz,libA_221027_1_antibody_AUSAB-13_0.00334222_1.fastq.gz
/fh/fast/bloom_j/SR/ngs/illumina/fwelsh/221027_VH01189_20_AAC7KHTM5/Unaligned/Project_fwelsh/ser13_1-2x_S10_R1_001.fastq.gz,libA_221027_1_antibody_AUSAB-13_0.00222815_1.fastq.gz
/fh/fast/bloom_j/SR/ngs/illumina/fwelsh/221027_VH01189_20_AAC7KHTM5/Unaligned/Project_fwelsh/ser13_0-8x_S11_R1_001.fastq.gz,libA_221027_1_antibody_AUSAB-13_0.00148543_1.fastq.gz
/fh/fast/bloom_j/SR/ngs/illumina/fwelsh/221027_VH01189_20_AAC7KHTM5/Unaligned/Project_fwelsh/ser13_0-5x_S12_R1_001.fastq.gz,libA_221027_1_antibody_AUSAB-13_0.00099029_1.fastq.gz
/fh/fast/bloom_j/SR/ngs/illumina/fwelsh/221027_VH01189_20_AAC7KHTM5/Unaligned/Project_fwelsh/ser13_0-4x_S13_R1_001.fastq.gz,libA_221027_1_antibody_AUSAB-13_0.00066019_1.fastq.gz
/fh/fast/bloom_j/SR/ngs/illumina/fwelsh/221027_VH01189_20_AAC7KHTM5/Unaligned/Project_fwelsh/no-Ab_1_S21_R1_001.fastq.gz,libA_221027_1_no-antibody_control_none_none_1.fastq.gz
/fh/fast/bloom_j/SR/ngs/illumina/fwelsh/221027_VH01189_20_AAC7KHTM5/Unaligned/Project_fwelsh/no-Ab_2_S22_R1_001.fastq.gz,libA_221027_1_no-antibody_control_none_none_1.fastq.gz
/fh/fast/bloom_j/SR/ngs/illumina/fwelsh/221027_VH01189_20_AAC7KHTM5/Unaligned/Project_fwelsh/no-Ab_3_S23_R1_001.fastq.gz,libA_221027_1_no-antibody_control_none_none_1.fastq.gz
/fh/fast/bloom_j/SR/ngs/illumina/fwelsh/230117_VH00319_310_AACH7JVM5/Unaligned/Project_fwelsh/AUSAB-13_c1_S17_R1_001.fastq.gz,libB_230118_1_antibody_AUSAB-13_0.0065_1.fastq.gz
/fh/fast/bloom_j/SR/ngs/illumina/fwelsh/230117_VH00319_310_AACH7JVM5/Unaligned/Project_fwelsh/AUSAB-13_c2_S18_R1_001.fastq.gz,libB_230118_1_antibody_AUSAB-13_0.004333333_1.fastq.gz
/fh/fast/bloom_j/SR/ngs/illumina/fwelsh/230117_VH00319_310_AACH7JVM5/Unaligned/Project_fwelsh/AUSAB-13_c3_S19_R1_001.fastq.gz,libB_230118_1_antibody_AUSAB-13_0.002888889_1.fastq.gz
/fh/fast/bloom_j/SR/ngs/illumina/fwelsh/230117_VH00319_310_AACH7JVM5/Unaligned/Project_fwelsh/AUSAB-13_c4_S20_R1_001.fastq.gz,libB_230118_1_antibody_AUSAB-13_0.001925926_1.fastq.gz
/fh/fast/bloom_j/SR/ngs/illumina/fwelsh/230117_VH00319_310_AACH7JVM5/Unaligned/Project_fwelsh/AUSAB-13_c5_S21_R1_001.fastq.gz,libB_230118_1_antibody_AUSAB-13_0.001283951_1.fastq.gz
/fh/fast/bloom_j/SR/ngs/illumina/fwelsh/230117_VH00319_310_AACH7JVM5/Unaligned/Project_fwelsh/AUSAB-13_c6_S22_R1_001.fastq.gz,libB_230118_1_antibody_AUSAB-13_0.000855967_1.fastq.gz
/fh/fast/bloom_j/SR/ngs/illumina/fwelsh/230117_VH00319_310_AACH7JVM5/Unaligned/Project_fwelsh/AUSAB-13_c7_S23_R1_001.fastq.gz,libB_230118_1_antibody_AUSAB-13_0.000570645_1.fastq.gz
/fh/fast/bloom_j/SR/ngs/illumina/fwelsh/230117_VH00319_310_AACH7JVM5/Unaligned/Project_fwelsh/no-Ab_1_S24_R1_001.fastq.gz,libB_230118_1_no-antibody_control_none_none_1.fastq.gz
/fh/fast/bloom_j/SR/ngs/illumina/fwelsh/230117_VH00319_310_AACH7JVM5/Unaligned/Project_fwelsh/no-Ab_2_S25_R1_001.fastq.gz,libB_230118_1_no-antibody_control_none_none_1.fastq.gz
/fh/fast/bloom_j/SR/ngs/illumina/fwelsh/230117_VH00319_310_AACH7JVM5/Unaligned/Project_fwelsh/no-Ab_3_S26_R1_001.fastq.gz,libB_230118_1_no-antibody_control_none_none_1.fastq.gz
/fh/fast/bloom_j/SR/ngs/illumina/fwelsh/230221_VH00699_267_AACLVYHM5/Unaligned/Project_fwelsh/2323_c1_S1_R1_001.fastq.gz,libA_230221_1_antibody_2323_0.028125_1.fastq.gz
/fh/fast/bloom_j/SR/ngs/illumina/fwelsh/230221_VH00699_267_AACLVYHM5/Unaligned/Project_fwelsh/2323_c2_S2_R1_001.fastq.gz,libA_230221_1_antibody_2323_0.01875_1.fastq.gz
/fh/fast/bloom_j/SR/ngs/illumina/fwelsh/230221_VH00699_267_AACLVYHM5/Unaligned/Project_fwelsh/2323_c3_S3_R1_001.fastq.gz,libA_230221_1_antibody_2323_0.0125_1.fastq.gz
/fh/fast/bloom_j/SR/ngs/illumina/fwelsh/230221_VH00699_267_AACLVYHM5/Unaligned/Project_fwelsh/2323_c4_S4_R1_001.fastq.gz,libA_230221_1_antibody_2323_0.008375_1.fastq.gz
/fh/fast/bloom_j/SR/ngs/illumina/fwelsh/230221_VH00699_267_AACLVYHM5/Unaligned/Project_fwelsh/2367_c1_S5_R1_001.fastq.gz,libA_230221_1_antibody_2367_0.00272_1.fastq.gz
/fh/fast/bloom_j/SR/ngs/illumina/fwelsh/230221_VH00699_267_AACLVYHM5/Unaligned/Project_fwelsh/2367_c2_S6_R1_001.fastq.gz,libA_230221_1_antibody_2367_0.00136_1.fastq.gz
/fh/fast/bloom_j/SR/ngs/illumina/fwelsh/230221_VH00699_267_AACLVYHM5/Unaligned/Project_fwelsh/2367_c3_S7_R1_001.fastq.gz,libA_230221_1_antibody_2367_0.00068_1.fastq.gz
/fh/fast/bloom_j/SR/ngs/illumina/fwelsh/230221_VH00699_267_AACLVYHM5/Unaligned/Project_fwelsh/2367_c4_S8_R1_001.fastq.gz,libA_230221_1_antibody_2367_0.00034_1.fastq.gz
/fh/fast/bloom_j/SR/ngs/illumina/fwelsh/230221_VH00699_267_AACLVYHM5/Unaligned/Project_fwelsh/2389_c1_S9_R1_001.fastq.gz,libA_230221_1_antibody_2389_0.04091175_1.fastq.gz
/fh/fast/bloom_j/SR/ngs/illumina/fwelsh/230221_VH00699_267_AACLVYHM5/Unaligned/Project_fwelsh/2389_c2_S10_R1_001.fastq.gz,libA_230221_1_antibody_2389_0.0272745_1.fastq.gz
/fh/fast/bloom_j/SR/ngs/illumina/fwelsh/230221_VH00699_267_AACLVYHM5/Unaligned/Project_fwelsh/2389_c3_S11_R1_001.fastq.gz,libA_230221_1_antibody_2389_0.018183_1.fastq.gz
/fh/fast/bloom_j/SR/ngs/illumina/fwelsh/230221_VH00699_267_AACLVYHM5/Unaligned/Project_fwelsh/2389_c4_S12_R1_001.fastq.gz,libA_230221_1_antibody_2389_0.012122_1.fastq.gz
/fh/fast/bloom_j/SR/ngs/illumina/fwelsh/230221_VH00699_267_AACLVYHM5/Unaligned/Project_fwelsh/2462_c1_S13_R1_001.fastq.gz,libA_230221_1_antibody_2462_0.0364545_1.fastq.gz
/fh/fast/bloom_j/SR/ngs/illumina/fwelsh/230221_VH00699_267_AACLVYHM5/Unaligned/Project_fwelsh/2462_c2_S14_R1_001.fastq.gz,libA_230221_1_antibody_2462_0.024303_1.fastq.gz
/fh/fast/bloom_j/SR/ngs/illumina/fwelsh/230221_VH00699_267_AACLVYHM5/Unaligned/Project_fwelsh/2462_c3_S15_R1_001.fastq.gz,libA_230221_1_antibody_2462_0.016202_1.fastq.gz
/fh/fast/bloom_j/SR/ngs/illumina/fwelsh/230221_VH00699_267_AACLVYHM5/Unaligned/Project_fwelsh/2462_c4_S16_R1_001.fastq.gz,libA_230221_1_antibody_2462_0.010801333_1.fastq.gz
/fh/fast/bloom_j/SR/ngs/illumina/fwelsh/230221_VH00699_267_AACLVYHM5/Unaligned/Project_fwelsh/3944_c1_S17_R1_001.fastq.gz,libA_230221_1_antibody_3944_0.004272_1.fastq.gz
/fh/fast/bloom_j/SR/ngs/illumina/fwelsh/230221_VH00699_267_AACLVYHM5/Unaligned/Project_fwelsh/3944_c2_S18_R1_001.fastq.gz,libA_230221_1_antibody_3944_0.002136_1.fastq.gz
/fh/fast/bloom_j/SR/ngs/illumina/fwelsh/230221_VH00699_267_AACLVYHM5/Unaligned/Project_fwelsh/3944_c3_S19_R1_001.fastq.gz,libA_230221_1_antibody_3944_0.001068_1.fastq.gz
/fh/fast/bloom_j/SR/ngs/illumina/fwelsh/230221_VH00699_267_AACLVYHM5/Unaligned/Project_fwelsh/3944_c4_S20_R1_001.fastq.gz,libA_230221_1_antibody_3944_0.000534_1.fastq.gz
/fh/fast/bloom_j/SR/ngs/illumina/fwelsh/230221_VH00699_267_AACLVYHM5/Unaligned/Project_fwelsh/no-Ab_1_S21_R1_001.fastq.gz,libA_230221_1_no-antibody_control_none_none_1.fastq.gz
/fh/fast/bloom_j/SR/ngs/illumina/fwelsh/230221_VH00699_267_AACLVYHM5/Unaligned/Project_fwelsh/no-Ab_2_S22_R1_001.fastq.gz,libA_230221_1_no-antibody_control_none_none_1.fastq.gz
/fh/fast/bloom_j/SR/ngs/illumina/fwelsh/230221_VH00699_267_AACLVYHM5/Unaligned/Project_fwelsh/no-Ab_3_S23_R1_001.fastq.gz,libA_230221_1_no-antibody_control_none_none_1.fastq.gz
/fh/fast/bloom_j/SR/ngs/illumina/fwelsh/230310_VH00699_277_AACKH5YM5/Unaligned/Project_fwelsh/2367_ctrl-1_c1_S1_R1_001.fastq.gz,libA_230312_1_antibody_2367_0.00272_1.fastq.gz
/fh/fast/bloom_j/SR/ngs/illumina/fwelsh/230310_VH00699_277_AACKH5YM5/Unaligned/Project_fwelsh/2367_ctrl-1_c2_S2_R1_001.fastq.gz,libA_230312_1_antibody_2367_0.00136_1.fastq.gz
/fh/fast/bloom_j/SR/ngs/illumina/fwelsh/230310_VH00699_277_AACKH5YM5/Unaligned/Project_fwelsh/2367_ctrl-1_c3_S3_R1_001.fastq.gz,libA_230312_1_antibody_2367_0.00068_1.fastq.gz
/fh/fast/bloom_j/SR/ngs/illumina/fwelsh/230310_VH00699_277_AACKH5YM5/Unaligned/Project_fwelsh/2367_ctrl-1_c4_S4_R1_001.fastq.gz,libA_230312_1_antibody_2367_0.00034_1.fastq.gz
/fh/fast/bloom_j/SR/ngs/illumina/fwelsh/230310_VH00699_277_AACKH5YM5/Unaligned/Project_fwelsh/no-Ab_ctrl-1_1_S17_R1_001.fastq.gz,libA_230312_1_no-antibody_control_none_none_1.fastq.gz
/fh/fast/bloom_j/SR/ngs/illumina/fwelsh/230310_VH00699_277_AACKH5YM5/Unaligned/Project_fwelsh/no-Ab_ctrl-1_2_S18_R1_001.fastq.gz,libA_230312_1_no-antibody_control_none_none_1.fastq.gz
/fh/fast/bloom_j/SR/ngs/illumina/fwelsh/230310_VH00699_277_AACKH5YM5/Unaligned/Project_fwelsh/2367_ctrl-2_c1_S5_R1_001.fastq.gz,libA_230312_1_antibody_2367_0.00272_2.fastq.gz
/fh/fast/bloom_j/SR/ngs/illumina/fwelsh/230310_VH00699_277_AACKH5YM5/Unaligned/Project_fwelsh/2367_ctrl-2_c2_S6_R1_001.fastq.gz,libA_230312_1_antibody_2367_0.00136_2.fastq.gz
/fh/fast/bloom_j/SR/ngs/illumina/fwelsh/230310_VH00699_277_AACKH5YM5/Unaligned/Project_fwelsh/2367_ctrl-2_c3_S7_R1_001.fastq.gz,libA_230312_1_antibody_2367_0.00068_2.fastq.gz
/fh/fast/bloom_j/SR/ngs/illumina/fwelsh/230310_VH00699_277_AACKH5YM5/Unaligned/Project_fwelsh/2367_ctrl-2_c4_S8_R1_001.fastq.gz,libA_230312_1_antibody_2367_0.00034_2.fastq.gz
/fh/fast/bloom_j/SR/ngs/illumina/fwelsh/230310_VH00699_277_AACKH5YM5/Unaligned/Project_fwelsh/no-Ab_ctrl-2_1_S19_R1_001.fastq.gz,libA_230312_1_no-antibody_control_none_none_2.fastq.gz
/fh/fast/bloom_j/SR/ngs/illumina/fwelsh/230310_VH00699_277_AACKH5YM5/Unaligned/Project_fwelsh/no-Ab_ctrl-2_2_S20_R1_001.fastq.gz,libA_230312_1_no-antibody_control_none_none_2.fastq.gz
/fh/fast/bloom_j/SR/ngs/illumina/fwelsh/230310_VH00699_277_AACKH5YM5/Unaligned/Project_fwelsh/2367_ctrl-3_c1_S9_R1_001.fastq.gz,libA_230312_1_antibody_2367_0.00272_3.fastq.gz
/fh/fast/bloom_j/SR/ngs/illumina/fwelsh/230310_VH00699_277_AACKH5YM5/Unaligned/Project_fwelsh/2367_ctrl-3_c2_S10_R1_001.fastq.gz,libA_230312_1_antibody_2367_0.00136_3.fastq.gz
/fh/fast/bloom_j/SR/ngs/illumina/fwelsh/230310_VH00699_277_AACKH5YM5/Unaligned/Project_fwelsh/2367_ctrl-3_c3_S11_R1_001.fastq.gz,libA_230312_1_antibody_2367_0.00068_3.fastq.gz
/fh/fast/bloom_j/SR/ngs/illumina/fwelsh/230310_VH00699_277_AACKH5YM5/Unaligned/Project_fwelsh/2367_ctrl-3_c4_S12_R1_001.fastq.gz,libA_230312_1_antibody_2367_0.00034_3.fastq.gz
/fh/fast/bloom_j/SR/ngs/illumina/fwelsh/230310_VH00699_277_AACKH5YM5/Unaligned/Project_fwelsh/no-Ab_ctrl-3_1_S21_R1_001.fastq.gz,libA_230312_1_no-antibody_control_none_none_3.fastq.gz
/fh/fast/bloom_j/SR/ngs/illumina/fwelsh/230310_VH00699_277_AACKH5YM5/Unaligned/Project_fwelsh/no-Ab_ctrl-3_2_S22_R1_001.fastq.gz,libA_230312_1_no-antibody_control_none_none_3.fastq.gz
/fh/fast/bloom_j/SR/ngs/illumina/fwelsh/230310_VH00699_277_AACKH5YM5/Unaligned/Project_fwelsh/2367_ctrl-4_c1_S13_R1_001.fastq.gz,libA_230312_1_antibody_2367_0.00272_4.fastq.gz
/fh/fast/bloom_j/SR/ngs/illumina/fwelsh/230310_VH00699_277_AACKH5YM5/Unaligned/Project_fwelsh/2367_ctrl-4_c2_S14_R1_001.fastq.gz,libA_230312_1_antibody_2367_0.00136_4.fastq.gz
/fh/fast/bloom_j/SR/ngs/illumina/fwelsh/230310_VH00699_277_AACKH5YM5/Unaligned/Project_fwelsh/2367_ctrl-4_c3_S15_R1_001.fastq.gz,libA_230312_1_antibody_2367_0.00068_4.fastq.gz
/fh/fast/bloom_j/SR/ngs/illumina/fwelsh/230310_VH00699_277_AACKH5YM5/Unaligned/Project_fwelsh/2367_ctrl-4_c4_S16_R1_001.fastq.gz,libA_230312_1_antibody_2367_0.00034_4.fastq.gz
/fh/fast/bloom_j/SR/ngs/illumina/fwelsh/230310_VH00699_277_AACKH5YM5/Unaligned/Project_fwelsh/no-Ab_ctrl-4_1_S23_R1_001.fastq.gz,libA_230312_1_no-antibody_control_none_none_4.fastq.gz
/fh/fast/bloom_j/SR/ngs/illumina/fwelsh/230310_VH00699_277_AACKH5YM5/Unaligned/Project_fwelsh/no-Ab_ctrl-4_2_S24_R1_001.fastq.gz,libA_230312_1_no-antibody_control_none_none_4.fastq.gz
/fh/fast/bloom_j/SR/ngs/illumina/fwelsh/230310_VH00699_277_AACKH5YM5/Unaligned/Project_fwelsh/RNA_spike-in_S25_R1_001.fastq.gz,libA_230312_1_plasmid_none_none_1.fastq.gz
/fh/fast/bloom_j/SR/ngs/illumina/fwelsh/230317_VH00699_282_AACKCJNM5/Unaligned/Project_fwelsh/2343_c1_S1_R1_001.fastq.gz,libA_230317_1_antibody_2343_0.012516_1.fastq.gz
/fh/fast/bloom_j/SR/ngs/illumina/fwelsh/230317_VH00699_282_AACKCJNM5/Unaligned/Project_fwelsh/2343_c2_S2_R1_001.fastq.gz,libA_230317_1_antibody_2343_0.006258_1.fastq.gz
/fh/fast/bloom_j/SR/ngs/illumina/fwelsh/230317_VH00699_282_AACKCJNM5/Unaligned/Project_fwelsh/2343_c3_S3_R1_001.fastq.gz,libA_230317_1_antibody_2343_0.003129_1.fastq.gz
/fh/fast/bloom_j/SR/ngs/illumina/fwelsh/230317_VH00699_282_AACKCJNM5/Unaligned/Project_fwelsh/2343_c4_S4_R1_001.fastq.gz,libA_230317_1_antibody_2343_0.0015645_1.fastq.gz
/fh/fast/bloom_j/SR/ngs/illumina/fwelsh/230317_VH00699_282_AACKCJNM5/Unaligned/Project_fwelsh/2350_c1_S5_R1_001.fastq.gz,libA_230317_1_antibody_2350_0.007206_1.fastq.gz
/fh/fast/bloom_j/SR/ngs/illumina/fwelsh/230317_VH00699_282_AACKCJNM5/Unaligned/Project_fwelsh/2350_c2_S6_R1_001.fastq.gz,libA_230317_1_antibody_2350_0.003603_1.fastq.gz
/fh/fast/bloom_j/SR/ngs/illumina/fwelsh/230317_VH00699_282_AACKCJNM5/Unaligned/Project_fwelsh/2350_c3_S7_R1_001.fastq.gz,libA_230317_1_antibody_2350_0.0018015_1.fastq.gz
/fh/fast/bloom_j/SR/ngs/illumina/fwelsh/230317_VH00699_282_AACKCJNM5/Unaligned/Project_fwelsh/2350_c4_S8_R1_001.fastq.gz,libA_230317_1_antibody_2350_0.00090075_1.fastq.gz
/fh/fast/bloom_j/SR/ngs/illumina/fwelsh/230317_VH00699_282_AACKCJNM5/Unaligned/Project_fwelsh/2365_c1_S9_R1_001.fastq.gz,libA_230317_1_antibody_2365_0.00601_1.fastq.gz
/fh/fast/bloom_j/SR/ngs/illumina/fwelsh/230317_VH00699_282_AACKCJNM5/Unaligned/Project_fwelsh/2365_c2_S10_R1_001.fastq.gz,libA_230317_1_antibody_2365_0.003005_1.fastq.gz
/fh/fast/bloom_j/SR/ngs/illumina/fwelsh/230317_VH00699_282_AACKCJNM5/Unaligned/Project_fwelsh/2365_c3_S11_R1_001.fastq.gz,libA_230317_1_antibody_2365_0.0015025_1.fastq.gz
/fh/fast/bloom_j/SR/ngs/illumina/fwelsh/230317_VH00699_282_AACKCJNM5/Unaligned/Project_fwelsh/2365_c4_S12_R1_001.fastq.gz,libA_230317_1_antibody_2365_0.00075125_1.fastq.gz
/fh/fast/bloom_j/SR/ngs/illumina/fwelsh/230317_VH00699_282_AACKCJNM5/Unaligned/Project_fwelsh/2382_c1_S13_R1_001.fastq.gz,libA_230317_1_antibody_2382_0.009486_1.fastq.gz
/fh/fast/bloom_j/SR/ngs/illumina/fwelsh/230317_VH00699_282_AACKCJNM5/Unaligned/Project_fwelsh/2382_c2_S14_R1_001.fastq.gz,libA_230317_1_antibody_2382_0.004743_1.fastq.gz
/fh/fast/bloom_j/SR/ngs/illumina/fwelsh/230317_VH00699_282_AACKCJNM5/Unaligned/Project_fwelsh/2382_c3_S15_R1_001.fastq.gz,libA_230317_1_antibody_2382_0.0023715_1.fastq.gz
/fh/fast/bloom_j/SR/ngs/illumina/fwelsh/230317_VH00699_282_AACKCJNM5/Unaligned/Project_fwelsh/2382_c4_S16_R1_001.fastq.gz,libA_230317_1_antibody_2382_0.00118575_1.fastq.gz
/fh/fast/bloom_j/SR/ngs/illumina/fwelsh/230317_VH00699_282_AACKCJNM5/Unaligned/Project_fwelsh/3866_c1_S17_R1_001.fastq.gz,libA_230317_1_antibody_3866_0.003474_1.fastq.gz
/fh/fast/bloom_j/SR/ngs/illumina/fwelsh/230317_VH00699_282_AACKCJNM5/Unaligned/Project_fwelsh/3866_c2_S18_R1_001.fastq.gz,libA_230317_1_antibody_3866_0.001737_1.fastq.gz
/fh/fast/bloom_j/SR/ngs/illumina/fwelsh/230317_VH00699_282_AACKCJNM5/Unaligned/Project_fwelsh/3866_c3_S19_R1_001.fastq.gz,libA_230317_1_antibody_3866_0.0008685_1.fastq.gz
/fh/fast/bloom_j/SR/ngs/illumina/fwelsh/230317_VH00699_282_AACKCJNM5/Unaligned/Project_fwelsh/3866_c4_S20_R1_001.fastq.gz,libA_230317_1_antibody_3866_0.00043425_1.fastq.gz
/fh/fast/bloom_j/SR/ngs/illumina/fwelsh/230317_VH00699_282_AACKCJNM5/Unaligned/Project_fwelsh/no-Ab_1_S21_R1_001.fastq.gz,libA_230317_1_no-antibody_control_none_none_1.fastq.gz
/fh/fast/bloom_j/SR/ngs/illumina/fwelsh/230317_VH00699_282_AACKCJNM5/Unaligned/Project_fwelsh/no-Ab_2_S22_R1_001.fastq.gz,libA_230317_1_no-antibody_control_none_none_1.fastq.gz
/fh/fast/bloom_j/SR/ngs/illumina/fwelsh/230317_VH00699_282_AACKCJNM5/Unaligned/Project_fwelsh/no-Ab_3_S23_R1_001.fastq.gz,libA_230317_1_no-antibody_control_none_none_1.fastq.gz
/fh/fast/bloom_j/SR/ngs/illumina/fwelsh/230323_VH00699_285_AACKHCYM5/Unaligned/Project_fwelsh/2388_c1_S1_R1_001.fastq.gz,libA_230323_1_antibody_2388_0.063445_1.fastq.gz
/fh/fast/bloom_j/SR/ngs/illumina/fwelsh/230323_VH00699_285_AACKHCYM5/Unaligned/Project_fwelsh/2388_c2_S2_R1_001.fastq.gz,libA_230323_1_antibody_2388_0.042296667_1.fastq.gz
/fh/fast/bloom_j/SR/ngs/illumina/fwelsh/230323_VH00699_285_AACKHCYM5/Unaligned/Project_fwelsh/2388_c3_S3_R1_001.fastq.gz,libA_230323_1_antibody_2388_0.028197778_1.fastq.gz
/fh/fast/bloom_j/SR/ngs/illumina/fwelsh/230323_VH00699_285_AACKHCYM5/Unaligned/Project_fwelsh/2388_c4_S4_R1_001.fastq.gz,libA_230323_1_antibody_2388_0.018798519_1.fastq.gz
/fh/fast/bloom_j/SR/ngs/illumina/fwelsh/230323_VH00699_285_AACKHCYM5/Unaligned/Project_fwelsh/2463_c1_S5_R1_001.fastq.gz,libA_230323_1_antibody_2463_0.798125_1.fastq.gz
/fh/fast/bloom_j/SR/ngs/illumina/fwelsh/230323_VH00699_285_AACKHCYM5/Unaligned/Project_fwelsh/2463_c2_S6_R1_001.fastq.gz,libA_230323_1_antibody_2463_0.532083333_1.fastq.gz
/fh/fast/bloom_j/SR/ngs/illumina/fwelsh/230323_VH00699_285_AACKHCYM5/Unaligned/Project_fwelsh/2463_c3_S7_R1_001.fastq.gz,libA_230323_1_antibody_2463_0.354722222_1.fastq.gz
/fh/fast/bloom_j/SR/ngs/illumina/fwelsh/230323_VH00699_285_AACKHCYM5/Unaligned/Project_fwelsh/2463_c4_S8_R1_001.fastq.gz,libA_230323_1_antibody_2463_0.236481481_1.fastq.gz
/fh/fast/bloom_j/SR/ngs/illumina/fwelsh/230323_VH00699_285_AACKHCYM5/Unaligned/Project_fwelsh/4299_c1_S9_R1_001.fastq.gz,libA_230323_1_antibody_4299_0.0917575_1.fastq.gz
/fh/fast/bloom_j/SR/ngs/illumina/fwelsh/230323_VH00699_285_AACKHCYM5/Unaligned/Project_fwelsh/4299_c2_S10_R1_001.fastq.gz,libA_230323_1_antibody_4299_0.061171667_1.fastq.gz
/fh/fast/bloom_j/SR/ngs/illumina/fwelsh/230323_VH00699_285_AACKHCYM5/Unaligned/Project_fwelsh/4299_c3_S11_R1_001.fastq.gz,libA_230323_1_antibody_4299_0.040781111_1.fastq.gz
/fh/fast/bloom_j/SR/ngs/illumina/fwelsh/230323_VH00699_285_AACKHCYM5/Unaligned/Project_fwelsh/4299_c4_S12_R1_001.fastq.gz,libA_230323_1_antibody_4299_0.027187407_1.fastq.gz
/fh/fast/bloom_j/SR/ngs/illumina/fwelsh/230323_VH00699_285_AACKHCYM5/Unaligned/Project_fwelsh/3973_c1_S13_R1_001.fastq.gz,libA_230323_1_antibody_3973_0.1042875_1.fastq.gz
/fh/fast/bloom_j/SR/ngs/illumina/fwelsh/230323_VH00699_285_AACKHCYM5/Unaligned/Project_fwelsh/3973_c2_S14_R1_001.fastq.gz,libA_230323_1_antibody_3973_0.069525_1.fastq.gz
/fh/fast/bloom_j/SR/ngs/illumina/fwelsh/230323_VH00699_285_AACKHCYM5/Unaligned/Project_fwelsh/3973_c3_S15_R1_001.fastq.gz,libA_230323_1_antibody_3973_0.04635_1.fastq.gz
/fh/fast/bloom_j/SR/ngs/illumina/fwelsh/230323_VH00699_285_AACKHCYM5/Unaligned/Project_fwelsh/3973_c4_S16_R1_001.fastq.gz,libA_230323_1_antibody_3973_0.0309_1.fastq.gz
/fh/fast/bloom_j/SR/ngs/illumina/fwelsh/230323_VH00699_285_AACKHCYM5/Unaligned/Project_fwelsh/4584_c1_S17_R1_001.fastq.gz,libA_230323_1_antibody_4584_0.1225775_1.fastq.gz
/fh/fast/bloom_j/SR/ngs/illumina/fwelsh/230323_VH00699_285_AACKHCYM5/Unaligned/Project_fwelsh/4584_c2_S18_R1_001.fastq.gz,libA_230323_1_antibody_4584_0.081718333_1.fastq.gz
/fh/fast/bloom_j/SR/ngs/illumina/fwelsh/230323_VH00699_285_AACKHCYM5/Unaligned/Project_fwelsh/4584_c3_S19_R1_001.fastq.gz,libA_230323_1_antibody_4584_0.054478889_1.fastq.gz
/fh/fast/bloom_j/SR/ngs/illumina/fwelsh/230323_VH00699_285_AACKHCYM5/Unaligned/Project_fwelsh/4584_c4_S20_R1_001.fastq.gz,libA_230323_1_antibody_4584_0.036319259_1.fastq.gz
/fh/fast/bloom_j/SR/ngs/illumina/fwelsh/230323_VH00699_285_AACKHCYM5/Unaligned/Project_fwelsh/no-Ab_1_S21_R1_001.fastq.gz,libA_230323_1_no-antibody_control_none_none_1.fastq.gz
/fh/fast/bloom_j/SR/ngs/illumina/fwelsh/230323_VH00699_285_AACKHCYM5/Unaligned/Project_fwelsh/no-Ab_2_S22_R1_001.fastq.gz,libA_230323_1_no-antibody_control_none_none_1.fastq.gz
/fh/fast/bloom_j/SR/ngs/illumina/fwelsh/230323_VH00699_285_AACKHCYM5/Unaligned/Project_fwelsh/no-Ab_3_S23_R1_001.fastq.gz,libA_230323_1_no-antibody_control_none_none_1.fastq.gz
/fh/fast/bloom_j/SR/ngs/illumina/fwelsh/230403_VH01189_91_AACMNJGM5/Unaligned/Project_fwelsh/2380_c1_S1_R1_001.fastq.gz,libA_230403_1_antibody_2380_0.076521_1.fastq.gz
/fh/fast/bloom_j/SR/ngs/illumina/fwelsh/230403_VH01189_91_AACMNJGM5/Unaligned/Project_fwelsh/2380_c2_S2_R1_001.fastq.gz,libA_230403_1_antibody_2380_0.0382605_1.fastq.gz
/fh/fast/bloom_j/SR/ngs/illumina/fwelsh/230403_VH01189_91_AACMNJGM5/Unaligned/Project_fwelsh/2380_c3_S3_R1_001.fastq.gz,libA_230403_1_antibody_2380_0.01913025_1.fastq.gz
/fh/fast/bloom_j/SR/ngs/illumina/fwelsh/230403_VH01189_91_AACMNJGM5/Unaligned/Project_fwelsh/2380_c4_S4_R1_001.fastq.gz,libA_230403_1_antibody_2380_0.009565125_1.fastq.gz
/fh/fast/bloom_j/SR/ngs/illumina/fwelsh/230403_VH01189_91_AACMNJGM5/Unaligned/Project_fwelsh/3856_c1_S5_R1_001.fastq.gz,libA_230403_1_antibody_3856_0.077554_1.fastq.gz
/fh/fast/bloom_j/SR/ngs/illumina/fwelsh/230403_VH01189_91_AACMNJGM5/Unaligned/Project_fwelsh/3856_c2_S6_R1_001.fastq.gz,libA_230403_1_antibody_3856_0.038777_1.fastq.gz
/fh/fast/bloom_j/SR/ngs/illumina/fwelsh/230403_VH01189_91_AACMNJGM5/Unaligned/Project_fwelsh/3856_c3_S7_R1_001.fastq.gz,libA_230403_1_antibody_3856_0.0193885_1.fastq.gz
/fh/fast/bloom_j/SR/ngs/illumina/fwelsh/230403_VH01189_91_AACMNJGM5/Unaligned/Project_fwelsh/3856_c4_S8_R1_001.fastq.gz,libA_230403_1_antibody_3856_0.00969425_1.fastq.gz
/fh/fast/bloom_j/SR/ngs/illumina/fwelsh/230403_VH01189_91_AACMNJGM5/Unaligned/Project_fwelsh/3857_c1_S9_R1_001.fastq.gz,libA_230403_1_antibody_3857_0.062643_1.fastq.gz
/fh/fast/bloom_j/SR/ngs/illumina/fwelsh/230403_VH01189_91_AACMNJGM5/Unaligned/Project_fwelsh/3857_c2_S10_R1_001.fastq.gz,libA_230403_1_antibody_3857_0.0313215_1.fastq.gz
/fh/fast/bloom_j/SR/ngs/illumina/fwelsh/230403_VH01189_91_AACMNJGM5/Unaligned/Project_fwelsh/3857_c3_S11_R1_001.fastq.gz,libA_230403_1_antibody_3857_0.01566075_1.fastq.gz
/fh/fast/bloom_j/SR/ngs/illumina/fwelsh/230403_VH01189_91_AACMNJGM5/Unaligned/Project_fwelsh/3857_c4_S12_R1_001.fastq.gz,libA_230403_1_antibody_3857_0.007830375_1.fastq.gz
/fh/fast/bloom_j/SR/ngs/illumina/fwelsh/230403_VH01189_91_AACMNJGM5/Unaligned/Project_fwelsh/3862_c1_S13_R1_001.fastq.gz,libA_230403_1_antibody_3862_0.018921_1.fastq.gz
/fh/fast/bloom_j/SR/ngs/illumina/fwelsh/230403_VH01189_91_AACMNJGM5/Unaligned/Project_fwelsh/3862_c2_S14_R1_001.fastq.gz,libA_230403_1_antibody_3862_0.0094605_1.fastq.gz
/fh/fast/bloom_j/SR/ngs/illumina/fwelsh/230403_VH01189_91_AACMNJGM5/Unaligned/Project_fwelsh/3862_c3_S15_R1_001.fastq.gz,libA_230403_1_antibody_3862_0.00473025_1.fastq.gz
/fh/fast/bloom_j/SR/ngs/illumina/fwelsh/230403_VH01189_91_AACMNJGM5/Unaligned/Project_fwelsh/3862_c4_S16_R1_001.fastq.gz,libA_230403_1_antibody_3862_0.002365125_1.fastq.gz
/fh/fast/bloom_j/SR/ngs/illumina/fwelsh/230403_VH01189_91_AACMNJGM5/Unaligned/Project_fwelsh/3895_c1_S17_R1_001.fastq.gz,libA_230403_1_antibody_3895_0.037245_1.fastq.gz
/fh/fast/bloom_j/SR/ngs/illumina/fwelsh/230403_VH01189_91_AACMNJGM5/Unaligned/Project_fwelsh/3895_c2_S18_R1_001.fastq.gz,libA_230403_1_antibody_3895_0.0186225_1.fastq.gz
/fh/fast/bloom_j/SR/ngs/illumina/fwelsh/230403_VH01189_91_AACMNJGM5/Unaligned/Project_fwelsh/3895_c3_S19_R1_001.fastq.gz,libA_230403_1_antibody_3895_0.00931125_1.fastq.gz
/fh/fast/bloom_j/SR/ngs/illumina/fwelsh/230403_VH01189_91_AACMNJGM5/Unaligned/Project_fwelsh/3895_c4_S20_R1_001.fastq.gz,libA_230403_1_antibody_3895_0.004655625_1.fastq.gz
/fh/fast/bloom_j/SR/ngs/illumina/fwelsh/230403_VH01189_91_AACMNJGM5/Unaligned/Project_fwelsh/no-Ab_1_S21_R1_001.fastq.gz,libA_230403_1_no-antibody_control_none_none_1.fastq.gz
/fh/fast/bloom_j/SR/ngs/illumina/fwelsh/230403_VH01189_91_AACMNJGM5/Unaligned/Project_fwelsh/no-Ab_2_S22_R1_001.fastq.gz,libA_230403_1_no-antibody_control_none_none_1.fastq.gz
/fh/fast/bloom_j/SR/ngs/illumina/fwelsh/230403_VH01189_91_AACMNJGM5/Unaligned/Project_fwelsh/no-Ab_3_S23_R1_001.fastq.gz,libA_230403_1_no-antibody_control_none_none_1.fastq.gz
/fh/fast/bloom_j/SR/ngs/illumina/fwelsh/230412_VH01189_95_AAC2TH2HV/Unaligned/Project_fwelsh/2323_c1_S1_R1_001.fastq.gz,libB_230407_1_antibody_2323_0.025_1.fastq.gz
/fh/fast/bloom_j/SR/ngs/illumina/fwelsh/230412_VH01189_95_AAC2TH2HV/Unaligned/Project_fwelsh/2323_c2_S2_R1_001.fastq.gz,libB_230407_1_antibody_2323_0.0125_1.fastq.gz
/fh/fast/bloom_j/SR/ngs/illumina/fwelsh/230412_VH01189_95_AAC2TH2HV/Unaligned/Project_fwelsh/2323_c3_S3_R1_001.fastq.gz,libB_230407_1_antibody_2323_0.00625_1.fastq.gz
/fh/fast/bloom_j/SR/ngs/illumina/fwelsh/230412_VH01189_95_AAC2TH2HV/Unaligned/Project_fwelsh/2367_c1_S4_R1_001.fastq.gz,libB_230407_1_antibody_2367_0.00204_1.fastq.gz
/fh/fast/bloom_j/SR/ngs/illumina/fwelsh/230412_VH01189_95_AAC2TH2HV/Unaligned/Project_fwelsh/2367_c2_S5_R1_001.fastq.gz,libB_230407_1_antibody_2367_0.00102_1.fastq.gz
/fh/fast/bloom_j/SR/ngs/illumina/fwelsh/230412_VH01189_95_AAC2TH2HV/Unaligned/Project_fwelsh/2367_c3_S6_R1_001.fastq.gz,libB_230407_1_antibody_2367_0.00051_1.fastq.gz
/fh/fast/bloom_j/SR/ngs/illumina/fwelsh/230412_VH01189_95_AAC2TH2HV/Unaligned/Project_fwelsh/2389_c1_S7_R1_001.fastq.gz,libB_230407_1_antibody_2389_0.054549_1.fastq.gz
/fh/fast/bloom_j/SR/ngs/illumina/fwelsh/230412_VH01189_95_AAC2TH2HV/Unaligned/Project_fwelsh/2389_c2_S8_R1_001.fastq.gz,libB_230407_1_antibody_2389_0.0272745_1.fastq.gz
/fh/fast/bloom_j/SR/ngs/illumina/fwelsh/230412_VH01189_95_AAC2TH2HV/Unaligned/Project_fwelsh/2389_c3_S9_R1_001.fastq.gz,libB_230407_1_antibody_2389_0.01363725_1.fastq.gz
/fh/fast/bloom_j/SR/ngs/illumina/fwelsh/230412_VH01189_95_AAC2TH2HV/Unaligned/Project_fwelsh/2462_c1_S10_R1_001.fastq.gz,libB_230407_1_antibody_2462_0.024303_1.fastq.gz
/fh/fast/bloom_j/SR/ngs/illumina/fwelsh/230412_VH01189_95_AAC2TH2HV/Unaligned/Project_fwelsh/2462_c2_S11_R1_001.fastq.gz,libB_230407_1_antibody_2462_0.0121515_1.fastq.gz
/fh/fast/bloom_j/SR/ngs/illumina/fwelsh/230412_VH01189_95_AAC2TH2HV/Unaligned/Project_fwelsh/2462_c3_S12_R1_001.fastq.gz,libB_230407_1_antibody_2462_0.00607575_1.fastq.gz
/fh/fast/bloom_j/SR/ngs/illumina/fwelsh/230412_VH01189_95_AAC2TH2HV/Unaligned/Project_fwelsh/3944_c1_S13_R1_001.fastq.gz,libB_230407_1_antibody_3944_0.006408_1.fastq.gz
/fh/fast/bloom_j/SR/ngs/illumina/fwelsh/230412_VH01189_95_AAC2TH2HV/Unaligned/Project_fwelsh/3944_c2_S14_R1_001.fastq.gz,libB_230407_1_antibody_3944_0.003204_1.fastq.gz
/fh/fast/bloom_j/SR/ngs/illumina/fwelsh/230412_VH01189_95_AAC2TH2HV/Unaligned/Project_fwelsh/3944_c3_S15_R1_001.fastq.gz,libB_230407_1_antibody_3944_0.001602_1.fastq.gz
/fh/fast/bloom_j/SR/ngs/illumina/fwelsh/230412_VH01189_95_AAC2TH2HV/Unaligned/Project_fwelsh/2388_c1_S16_R1_001.fastq.gz,libB_230407_1_antibody_2388_0.0406048_2.fastq.gz
/fh/fast/bloom_j/SR/ngs/illumina/fwelsh/230412_VH01189_95_AAC2TH2HV/Unaligned/Project_fwelsh/2388_c2_S17_R1_001.fastq.gz,libB_230407_1_antibody_2388_0.0203024_2.fastq.gz
/fh/fast/bloom_j/SR/ngs/illumina/fwelsh/230412_VH01189_95_AAC2TH2HV/Unaligned/Project_fwelsh/2388_c3_S18_R1_001.fastq.gz,libB_230407_1_antibody_2388_0.0101512_2.fastq.gz
/fh/fast/bloom_j/SR/ngs/illumina/fwelsh/230412_VH01189_95_AAC2TH2HV/Unaligned/Project_fwelsh/2463_c1_S19_R1_001.fastq.gz,libB_230407_1_antibody_2463_0.0478875_2.fastq.gz
/fh/fast/bloom_j/SR/ngs/illumina/fwelsh/230412_VH01189_95_AAC2TH2HV/Unaligned/Project_fwelsh/2463_c2_S20_R1_001.fastq.gz,libB_230407_1_antibody_2463_0.02394375_2.fastq.gz
/fh/fast/bloom_j/SR/ngs/illumina/fwelsh/230412_VH01189_95_AAC2TH2HV/Unaligned/Project_fwelsh/2463_c3_S21_R1_001.fastq.gz,libB_230407_1_antibody_2463_0.011971875_2.fastq.gz
/fh/fast/bloom_j/SR/ngs/illumina/fwelsh/230412_VH01189_95_AAC2TH2HV/Unaligned/Project_fwelsh/4299_c1_S22_R1_001.fastq.gz,libB_230407_1_antibody_4299_0.0440436_2.fastq.gz
/fh/fast/bloom_j/SR/ngs/illumina/fwelsh/230412_VH01189_95_AAC2TH2HV/Unaligned/Project_fwelsh/4299_c2_S23_R1_001.fastq.gz,libB_230407_1_antibody_4299_0.0110109_2.fastq.gz
/fh/fast/bloom_j/SR/ngs/illumina/fwelsh/230412_VH01189_95_AAC2TH2HV/Unaligned/Project_fwelsh/3973_c1_S24_R1_001.fastq.gz,libB_230407_1_antibody_3973_0.0625725_2.fastq.gz
/fh/fast/bloom_j/SR/ngs/illumina/fwelsh/230412_VH01189_95_AAC2TH2HV/Unaligned/Project_fwelsh/3973_c2_S25_R1_001.fastq.gz,libB_230407_1_antibody_3973_0.03128625_2.fastq.gz
/fh/fast/bloom_j/SR/ngs/illumina/fwelsh/230412_VH01189_95_AAC2TH2HV/Unaligned/Project_fwelsh/3973_c3_S26_R1_001.fastq.gz,libB_230407_1_antibody_3973_0.015643125_2.fastq.gz
/fh/fast/bloom_j/SR/ngs/illumina/fwelsh/230412_VH01189_95_AAC2TH2HV/Unaligned/Project_fwelsh/4584_c1_S27_R1_001.fastq.gz,libB_230407_1_antibody_4584_0.06128875_2.fastq.gz
/fh/fast/bloom_j/SR/ngs/illumina/fwelsh/230412_VH01189_95_AAC2TH2HV/Unaligned/Project_fwelsh/4584_c2_S28_R1_001.fastq.gz,libB_230407_1_antibody_4584_0.030644375_2.fastq.gz
/fh/fast/bloom_j/SR/ngs/illumina/fwelsh/230412_VH01189_95_AAC2TH2HV/Unaligned/Project_fwelsh/4584_c3_S29_R1_001.fastq.gz,libB_230407_1_antibody_4584_0.015322188_2.fastq.gz
/fh/fast/bloom_j/SR/ngs/illumina/fwelsh/230412_VH01189_95_AAC2TH2HV/Unaligned/Project_fwelsh/no-Ab_1_S30_R1_001.fastq.gz,libB_230407_1_no-antibody_control_none_none_1.fastq.gz
/fh/fast/bloom_j/SR/ngs/illumina/fwelsh/230412_VH01189_95_AAC2TH2HV/Unaligned/Project_fwelsh/no-Ab_2_S31_R1_001.fastq.gz,libB_230407_1_no-antibody_control_none_none_1.fastq.gz
/fh/fast/bloom_j/SR/ngs/illumina/fwelsh/230412_VH01189_95_AAC2TH2HV/Unaligned/Project_fwelsh/no-Ab_3_S32_R1_001.fastq.gz,libB_230407_1_no-antibody_control_none_none_1.fastq.gz
/fh/fast/bloom_j/SR/ngs/illumina/fwelsh/230412_VH01189_95_AAC2TH2HV/Unaligned/Project_fwelsh/no-Ab_1_S30_R1_001.fastq.gz,libB_230407_1_no-antibody_control_none_none_2.fastq.gz
/fh/fast/bloom_j/SR/ngs/illumina/fwelsh/230412_VH01189_95_AAC2TH2HV/Unaligned/Project_fwelsh/no-Ab_2_S31_R1_001.fastq.gz,libB_230407_1_no-antibody_control_none_none_2.fastq.gz
/fh/fast/bloom_j/SR/ngs/illumina/fwelsh/230412_VH01189_95_AAC2TH2HV/Unaligned/Project_fwelsh/no-Ab_3_S32_R1_001.fastq.gz,libB_230407_1_no-antibody_control_none_none_2.fastq.gz
/fh/fast/bloom_j/SR/ngs/illumina/fwelsh/230414_VH00319_343_AAC2MGJHV/Unaligned/Project_fwelsh/2343_c1_S1_R1_001.fastq.gz,libB_230412_1_antibody_2343_0.02_1.fastq.gz
/fh/fast/bloom_j/SR/ngs/illumina/fwelsh/230414_VH00319_343_AAC2MGJHV/Unaligned/Project_fwelsh/2343_c2_S2_R1_001.fastq.gz,libB_230412_1_antibody_2343_0.01_1.fastq.gz
/fh/fast/bloom_j/SR/ngs/illumina/fwelsh/230414_VH00319_343_AAC2MGJHV/Unaligned/Project_fwelsh/2343_c3_S3_R1_001.fastq.gz,libB_230412_1_antibody_2343_0.005_1.fastq.gz
/fh/fast/bloom_j/SR/ngs/illumina/fwelsh/230414_VH00319_343_AAC2MGJHV/Unaligned/Project_fwelsh/2350_c1_S4_R1_001.fastq.gz,libB_230412_1_antibody_2350_0.016_1.fastq.gz
/fh/fast/bloom_j/SR/ngs/illumina/fwelsh/230414_VH00319_343_AAC2MGJHV/Unaligned/Project_fwelsh/2350_c2_S5_R1_001.fastq.gz,libB_230412_1_antibody_2350_0.008_1.fastq.gz
/fh/fast/bloom_j/SR/ngs/illumina/fwelsh/230414_VH00319_343_AAC2MGJHV/Unaligned/Project_fwelsh/2350_c3_S6_R1_001.fastq.gz,libB_230412_1_antibody_2350_0.004_1.fastq.gz
/fh/fast/bloom_j/SR/ngs/illumina/fwelsh/230414_VH00319_343_AAC2MGJHV/Unaligned/Project_fwelsh/2365_c1_S7_R1_001.fastq.gz,libB_230412_1_antibody_2365_0.01_1.fastq.gz
/fh/fast/bloom_j/SR/ngs/illumina/fwelsh/230414_VH00319_343_AAC2MGJHV/Unaligned/Project_fwelsh/2365_c2_S8_R1_001.fastq.gz,libB_230412_1_antibody_2365_0.005_1.fastq.gz
/fh/fast/bloom_j/SR/ngs/illumina/fwelsh/230414_VH00319_343_AAC2MGJHV/Unaligned/Project_fwelsh/2365_c3_S9_R1_001.fastq.gz,libB_230412_1_antibody_2365_0.0025_1.fastq.gz
/fh/fast/bloom_j/SR/ngs/illumina/fwelsh/230414_VH00319_343_AAC2MGJHV/Unaligned/Project_fwelsh/2380_c1_S10_R1_001.fastq.gz,libB_230412_1_antibody_2380_0.06_2.fastq.gz
/fh/fast/bloom_j/SR/ngs/illumina/fwelsh/230414_VH00319_343_AAC2MGJHV/Unaligned/Project_fwelsh/2380_c2_S11_R1_001.fastq.gz,libB_230412_1_antibody_2380_0.03_2.fastq.gz
/fh/fast/bloom_j/SR/ngs/illumina/fwelsh/230414_VH00319_343_AAC2MGJHV/Unaligned/Project_fwelsh/2380_c3_S12_R1_001.fastq.gz,libB_230412_1_antibody_2380_0.015_2.fastq.gz
/fh/fast/bloom_j/SR/ngs/illumina/fwelsh/230414_VH00319_343_AAC2MGJHV/Unaligned/Project_fwelsh/2382_c1_S13_R1_001.fastq.gz,libB_230412_1_antibody_2382_0.018_1.fastq.gz
/fh/fast/bloom_j/SR/ngs/illumina/fwelsh/230414_VH00319_343_AAC2MGJHV/Unaligned/Project_fwelsh/2382_c2_S14_R1_001.fastq.gz,libB_230412_1_antibody_2382_0.009_1.fastq.gz
/fh/fast/bloom_j/SR/ngs/illumina/fwelsh/230414_VH00319_343_AAC2MGJHV/Unaligned/Project_fwelsh/2382_c3_S15_R1_001.fastq.gz,libB_230412_1_antibody_2382_0.0045_1.fastq.gz
/fh/fast/bloom_j/SR/ngs/illumina/fwelsh/230414_VH00319_343_AAC2MGJHV/Unaligned/Project_fwelsh/3856_c1_S16_R1_001.fastq.gz,libB_230412_1_antibody_3856_0.052_2.fastq.gz
/fh/fast/bloom_j/SR/ngs/illumina/fwelsh/230414_VH00319_343_AAC2MGJHV/Unaligned/Project_fwelsh/3856_c2_S17_R1_001.fastq.gz,libB_230412_1_antibody_3856_0.026_2.fastq.gz
/fh/fast/bloom_j/SR/ngs/illumina/fwelsh/230414_VH00319_343_AAC2MGJHV/Unaligned/Project_fwelsh/3856_c3_S18_R1_001.fastq.gz,libB_230412_1_antibody_3856_0.013_2.fastq.gz
/fh/fast/bloom_j/SR/ngs/illumina/fwelsh/230414_VH00319_343_AAC2MGJHV/Unaligned/Project_fwelsh/3857_c1_S19_R1_001.fastq.gz,libB_230412_1_antibody_3857_0.045_2.fastq.gz
/fh/fast/bloom_j/SR/ngs/illumina/fwelsh/230414_VH00319_343_AAC2MGJHV/Unaligned/Project_fwelsh/3857_c2_S20_R1_001.fastq.gz,libB_230412_1_antibody_3857_0.03_2.fastq.gz
/fh/fast/bloom_j/SR/ngs/illumina/fwelsh/230414_VH00319_343_AAC2MGJHV/Unaligned/Project_fwelsh/3857_c3_S21_R1_001.fastq.gz,libB_230412_1_antibody_3857_0.02_2.fastq.gz
/fh/fast/bloom_j/SR/ngs/illumina/fwelsh/230414_VH00319_343_AAC2MGJHV/Unaligned/Project_fwelsh/3862_c1_S22_R1_001.fastq.gz,libB_230412_1_antibody_3862_0.024_2.fastq.gz
/fh/fast/bloom_j/SR/ngs/illumina/fwelsh/230414_VH00319_343_AAC2MGJHV/Unaligned/Project_fwelsh/3862_c2_S23_R1_001.fastq.gz,libB_230412_1_antibody_3862_0.012_2.fastq.gz
/fh/fast/bloom_j/SR/ngs/illumina/fwelsh/230414_VH00319_343_AAC2MGJHV/Unaligned/Project_fwelsh/3862_c3_S24_R1_001.fastq.gz,libB_230412_1_antibody_3862_0.006_2.fastq.gz
/fh/fast/bloom_j/SR/ngs/illumina/fwelsh/230414_VH00319_343_AAC2MGJHV/Unaligned/Project_fwelsh/3866_c1_S25_R1_001.fastq.gz,libB_230412_1_antibody_3866_0.01_1.fastq.gz
/fh/fast/bloom_j/SR/ngs/illumina/fwelsh/230414_VH00319_343_AAC2MGJHV/Unaligned/Project_fwelsh/3866_c2_S26_R1_001.fastq.gz,libB_230412_1_antibody_3866_0.005_1.fastq.gz
/fh/fast/bloom_j/SR/ngs/illumina/fwelsh/230414_VH00319_343_AAC2MGJHV/Unaligned/Project_fwelsh/3866_c3_S27_R1_001.fastq.gz,libB_230412_1_antibody_3866_0.0025_1.fastq.gz
/fh/fast/bloom_j/SR/ngs/illumina/fwelsh/230414_VH00319_343_AAC2MGJHV/Unaligned/Project_fwelsh/3895_c1_S28_R1_001.fastq.gz,libB_230412_1_antibody_3895_0.032_2.fastq.gz
/fh/fast/bloom_j/SR/ngs/illumina/fwelsh/230414_VH00319_343_AAC2MGJHV/Unaligned/Project_fwelsh/3895_c2_S29_R1_001.fastq.gz,libB_230412_1_antibody_3895_0.016_2.fastq.gz
/fh/fast/bloom_j/SR/ngs/illumina/fwelsh/230414_VH00319_343_AAC2MGJHV/Unaligned/Project_fwelsh/3895_c3_S30_R1_001.fastq.gz,libB_230412_1_antibody_3895_0.008_2.fastq.gz
/fh/fast/bloom_j/SR/ngs/illumina/fwelsh/230414_VH00319_343_AAC2MGJHV/Unaligned/Project_fwelsh/no-Ab_1_S31_R1_001.fastq.gz,libB_230412_1_no-antibody_control_none_none_1.fastq.gz
/fh/fast/bloom_j/SR/ngs/illumina/fwelsh/230414_VH00319_343_AAC2MGJHV/Unaligned/Project_fwelsh/no-Ab_2_S32_R1_001.fastq.gz,libB_230412_1_no-antibody_control_none_none_1.fastq.gz
/fh/fast/bloom_j/SR/ngs/illumina/fwelsh/230414_VH00319_343_AAC2MGJHV/Unaligned/Project_fwelsh/no-Ab_3_S33_R1_001.fastq.gz,libB_230412_1_no-antibody_control_none_none_1.fastq.gz
/fh/fast/bloom_j/SR/ngs/illumina/fwelsh/230414_VH00319_343_AAC2MGJHV/Unaligned/Project_fwelsh/no-Ab_1_S31_R1_001.fastq.gz,libB_230412_1_no-antibody_control_none_none_2.fastq.gz
/fh/fast/bloom_j/SR/ngs/illumina/fwelsh/230414_VH00319_343_AAC2MGJHV/Unaligned/Project_fwelsh/no-Ab_2_S32_R1_001.fastq.gz,libB_230412_1_no-antibody_control_none_none_2.fastq.gz
/fh/fast/bloom_j/SR/ngs/illumina/fwelsh/230414_VH00319_343_AAC2MGJHV/Unaligned/Project_fwelsh/no-Ab_3_S33_R1_001.fastq.gz,libB_230412_1_no-antibody_control_none_none_2.fastq.gz
/fh/fast/bloom_j/SR/ngs/illumina/fwelsh/230420_VH01189_100_AACMNC7M5/Unaligned/Project_fwelsh/34C_c1_S1_R1_001.fastq.gz,libA_230419_1_antibody_34C_0.007197_1.fastq.gz
/fh/fast/bloom_j/SR/ngs/illumina/fwelsh/230420_VH01189_100_AACMNC7M5/Unaligned/Project_fwelsh/34C_c2_S2_R1_001.fastq.gz,libA_230419_1_antibody_34C_0.0035985_1.fastq.gz
/fh/fast/bloom_j/SR/ngs/illumina/fwelsh/230420_VH01189_100_AACMNC7M5/Unaligned/Project_fwelsh/34C_c3_S3_R1_001.fastq.gz,libA_230419_1_antibody_34C_0.00179925_1.fastq.gz
/fh/fast/bloom_j/SR/ngs/illumina/fwelsh/230420_VH01189_100_AACMNC7M5/Unaligned/Project_fwelsh/34C_c4_S4_R1_001.fastq.gz,libA_230419_1_antibody_34C_0.000899625_1.fastq.gz
/fh/fast/bloom_j/SR/ngs/illumina/fwelsh/230420_VH01189_100_AACMNC7M5/Unaligned/Project_fwelsh/215C_c1_S5_R1_001.fastq.gz,libA_230419_1_antibody_215C_0.01176_1.fastq.gz
/fh/fast/bloom_j/SR/ngs/illumina/fwelsh/230420_VH01189_100_AACMNC7M5/Unaligned/Project_fwelsh/215C_c2_S6_R1_001.fastq.gz,libA_230419_1_antibody_215C_0.00588_1.fastq.gz
/fh/fast/bloom_j/SR/ngs/illumina/fwelsh/230420_VH01189_100_AACMNC7M5/Unaligned/Project_fwelsh/215C_c3_S7_R1_001.fastq.gz,libA_230419_1_antibody_215C_0.00294_1.fastq.gz
/fh/fast/bloom_j/SR/ngs/illumina/fwelsh/230420_VH01189_100_AACMNC7M5/Unaligned/Project_fwelsh/215C_c4_S8_R1_001.fastq.gz,libA_230419_1_antibody_215C_0.00147_1.fastq.gz
/fh/fast/bloom_j/SR/ngs/illumina/fwelsh/230420_VH01189_100_AACMNC7M5/Unaligned/Project_fwelsh/2380_c3_S21_R1_001.fastq.gz,libA_230419_1_antibody_2380_0.01913025_1.fastq.gz
/fh/fast/bloom_j/SR/ngs/illumina/fwelsh/230420_VH01189_100_AACMNC7M5/Unaligned/Project_fwelsh/3856_c3_S22_R1_001.fastq.gz,libA_230419_1_antibody_3856_0.0193885_1.fastq.gz
/fh/fast/bloom_j/SR/ngs/illumina/fwelsh/230420_VH01189_100_AACMNC7M5/Unaligned/Project_fwelsh/3856_c4_S23_R1_001.fastq.gz,libA_230419_1_antibody_3856_0.00969425_1.fastq.gz
/fh/fast/bloom_j/SR/ngs/illumina/fwelsh/230420_VH01189_100_AACMNC7M5/Unaligned/Project_fwelsh/no-Ab_1_S24_R1_001.fastq.gz,libA_230419_1_no-antibody_control_none_none_1.fastq.gz
/fh/fast/bloom_j/SR/ngs/illumina/fwelsh/230420_VH01189_100_AACMNC7M5/Unaligned/Project_fwelsh/no-Ab_2_S25_R1_001.fastq.gz,libA_230419_1_no-antibody_control_none_none_1.fastq.gz
/fh/fast/bloom_j/SR/ngs/illumina/fwelsh/230420_VH01189_100_AACMNC7M5/Unaligned/Project_fwelsh/no-Ab_3_S26_R1_001.fastq.gz,libA_230419_1_no-antibody_control_none_none_1.fastq.gz
/fh/fast/bloom_j/SR/ngs/illumina/fwelsh/230420_VH01189_100_AACMNC7M5/Unaligned/Project_fwelsh/33C_c1_S9_R1_001.fastq.gz,libA_230419_1_antibody_33C_0.040245_2.fastq.gz
/fh/fast/bloom_j/SR/ngs/illumina/fwelsh/230420_VH01189_100_AACMNC7M5/Unaligned/Project_fwelsh/33C_c2_S10_R1_001.fastq.gz,libA_230419_1_antibody_33C_0.0201225_2.fastq.gz
/fh/fast/bloom_j/SR/ngs/illumina/fwelsh/230420_VH01189_100_AACMNC7M5/Unaligned/Project_fwelsh/33C_c3_S11_R1_001.fastq.gz,libA_230419_1_antibody_33C_0.01006125_2.fastq.gz
/fh/fast/bloom_j/SR/ngs/illumina/fwelsh/230420_VH01189_100_AACMNC7M5/Unaligned/Project_fwelsh/33C_c4_S12_R1_001.fastq.gz,libA_230419_1_antibody_33C_0.005030625_2.fastq.gz
/fh/fast/bloom_j/SR/ngs/illumina/fwelsh/230420_VH01189_100_AACMNC7M5/Unaligned/Project_fwelsh/199C_c1_S13_R1_001.fastq.gz,libA_230419_1_antibody_199C_0.086799_2.fastq.gz
/fh/fast/bloom_j/SR/ngs/illumina/fwelsh/230420_VH01189_100_AACMNC7M5/Unaligned/Project_fwelsh/199C_c2_S14_R1_001.fastq.gz,libA_230419_1_antibody_199C_0.0433995_2.fastq.gz
/fh/fast/bloom_j/SR/ngs/illumina/fwelsh/230420_VH01189_100_AACMNC7M5/Unaligned/Project_fwelsh/199C_c3_S15_R1_001.fastq.gz,libA_230419_1_antibody_199C_0.02169975_2.fastq.gz
/fh/fast/bloom_j/SR/ngs/illumina/fwelsh/230420_VH01189_100_AACMNC7M5/Unaligned/Project_fwelsh/199C_c4_S16_R1_001.fastq.gz,libA_230419_1_antibody_199C_0.010849875_2.fastq.gz
/fh/fast/bloom_j/SR/ngs/illumina/fwelsh/230420_VH01189_100_AACMNC7M5/Unaligned/Project_fwelsh/197C_c1_S17_R1_001.fastq.gz,libA_230419_1_antibody_197C_0.094803_2.fastq.gz
/fh/fast/bloom_j/SR/ngs/illumina/fwelsh/230420_VH01189_100_AACMNC7M5/Unaligned/Project_fwelsh/197C_c2_S18_R1_001.fastq.gz,libA_230419_1_antibody_197C_0.0474015_2.fastq.gz
/fh/fast/bloom_j/SR/ngs/illumina/fwelsh/230420_VH01189_100_AACMNC7M5/Unaligned/Project_fwelsh/197C_c3_S19_R1_001.fastq.gz,libA_230419_1_antibody_197C_0.02370075_2.fastq.gz
/fh/fast/bloom_j/SR/ngs/illumina/fwelsh/230420_VH01189_100_AACMNC7M5/Unaligned/Project_fwelsh/197C_c4_S20_R1_001.fastq.gz,libA_230419_1_antibody_197C_0.011850375_2.fastq.gz
/fh/fast/bloom_j/SR/ngs/illumina/fwelsh/230420_VH01189_100_AACMNC7M5/Unaligned/Project_fwelsh/2380_c3_S21_R1_001.fastq.gz,libA_230419_1_antibody_2380_0.01913025_2.fastq.gz
/fh/fast/bloom_j/SR/ngs/illumina/fwelsh/230420_VH01189_100_AACMNC7M5/Unaligned/Project_fwelsh/3856_c3_S22_R1_001.fastq.gz,libA_230419_1_antibody_3856_0.0193885_2.fastq.gz
/fh/fast/bloom_j/SR/ngs/illumina/fwelsh/230420_VH01189_100_AACMNC7M5/Unaligned/Project_fwelsh/3856_c4_S23_R1_001.fastq.gz,libA_230419_1_antibody_3856_0.00969425_2.fastq.gz
/fh/fast/bloom_j/SR/ngs/illumina/fwelsh/230420_VH01189_100_AACMNC7M5/Unaligned/Project_fwelsh/no-Ab_1_S24_R1_001.fastq.gz,libA_230419_1_no-antibody_control_none_none_2.fastq.gz
/fh/fast/bloom_j/SR/ngs/illumina/fwelsh/230420_VH01189_100_AACMNC7M5/Unaligned/Project_fwelsh/no-Ab_2_S25_R1_001.fastq.gz,libA_230419_1_no-antibody_control_none_none_2.fastq.gz
/fh/fast/bloom_j/SR/ngs/illumina/fwelsh/230420_VH01189_100_AACMNC7M5/Unaligned/Project_fwelsh/no-Ab_3_S26_R1_001.fastq.gz,libA_230419_1_no-antibody_control_none_none_2.fastq.gz
/fh/fast/bloom_j/SR/ngs/illumina/fwelsh/230428_VH00319_347_AACMN53M5/Unaligned/Project_fwelsh/210C_c1_S1_R1_001.fastq.gz,libA_230425_1_antibody_210C_0.085026_1.fastq.gz
/fh/fast/bloom_j/SR/ngs/illumina/fwelsh/230428_VH00319_347_AACMN53M5/Unaligned/Project_fwelsh/210C_c2_S2_R1_001.fastq.gz,libA_230425_1_antibody_210C_0.042513_1.fastq.gz
/fh/fast/bloom_j/SR/ngs/illumina/fwelsh/230428_VH00319_347_AACMN53M5/Unaligned/Project_fwelsh/210C_c3_S3_R1_001.fastq.gz,libA_230425_1_antibody_210C_0.0212565_1.fastq.gz
/fh/fast/bloom_j/SR/ngs/illumina/fwelsh/230428_VH00319_347_AACMN53M5/Unaligned/Project_fwelsh/210C_c4_S4_R1_001.fastq.gz,libA_230425_1_antibody_210C_0.01062825_1.fastq.gz
/fh/fast/bloom_j/SR/ngs/illumina/fwelsh/230428_VH00319_347_AACMN53M5/Unaligned/Project_fwelsh/74C_c1_S5_R1_001.fastq.gz,libA_230425_1_antibody_74C_0.08994_1.fastq.gz
/fh/fast/bloom_j/SR/ngs/illumina/fwelsh/230428_VH00319_347_AACMN53M5/Unaligned/Project_fwelsh/74C_c2_S6_R1_001.fastq.gz,libA_230425_1_antibody_74C_0.04497_1.fastq.gz
/fh/fast/bloom_j/SR/ngs/illumina/fwelsh/230428_VH00319_347_AACMN53M5/Unaligned/Project_fwelsh/74C_c3_S7_R1_001.fastq.gz,libA_230425_1_antibody_74C_0.022485_1.fastq.gz
/fh/fast/bloom_j/SR/ngs/illumina/fwelsh/230428_VH00319_347_AACMN53M5/Unaligned/Project_fwelsh/74C_c4_S8_R1_001.fastq.gz,libA_230425_1_antibody_74C_0.0112425_1.fastq.gz
/fh/fast/bloom_j/SR/ngs/illumina/fwelsh/230428_VH00319_347_AACMN53M5/Unaligned/Project_fwelsh/68C_c1_S9_R1_001.fastq.gz,libA_230425_1_antibody_68C_0.093123_1.fastq.gz
/fh/fast/bloom_j/SR/ngs/illumina/fwelsh/230428_VH00319_347_AACMN53M5/Unaligned/Project_fwelsh/68C_c2_S10_R1_001.fastq.gz,libA_230425_1_antibody_68C_0.0465615_1.fastq.gz
/fh/fast/bloom_j/SR/ngs/illumina/fwelsh/230428_VH00319_347_AACMN53M5/Unaligned/Project_fwelsh/68C_c3_S11_R1_001.fastq.gz,libA_230425_1_antibody_68C_0.02328075_1.fastq.gz
/fh/fast/bloom_j/SR/ngs/illumina/fwelsh/230428_VH00319_347_AACMN53M5/Unaligned/Project_fwelsh/68C_c4_S12_R1_001.fastq.gz,libA_230425_1_antibody_68C_0.011640375_1.fastq.gz
/fh/fast/bloom_j/SR/ngs/illumina/fwelsh/230428_VH00319_347_AACMN53M5/Unaligned/Project_fwelsh/150C_c1_S13_R1_001.fastq.gz,libA_230425_1_antibody_150C_0.09447_1.fastq.gz
/fh/fast/bloom_j/SR/ngs/illumina/fwelsh/230428_VH00319_347_AACMN53M5/Unaligned/Project_fwelsh/150C_c2_S14_R1_001.fastq.gz,libA_230425_1_antibody_150C_0.047235_1.fastq.gz
/fh/fast/bloom_j/SR/ngs/illumina/fwelsh/230428_VH00319_347_AACMN53M5/Unaligned/Project_fwelsh/150C_c3_S15_R1_001.fastq.gz,libA_230425_1_antibody_150C_0.0236175_1.fastq.gz
/fh/fast/bloom_j/SR/ngs/illumina/fwelsh/230428_VH00319_347_AACMN53M5/Unaligned/Project_fwelsh/150C_c4_S16_R1_001.fastq.gz,libA_230425_1_antibody_150C_0.01180875_1.fastq.gz
/fh/fast/bloom_j/SR/ngs/illumina/fwelsh/230428_VH00319_347_AACMN53M5/Unaligned/Project_fwelsh/18C_c1_S17_R1_001.fastq.gz,libA_230425_1_antibody_18C_0.094902_1.fastq.gz
/fh/fast/bloom_j/SR/ngs/illumina/fwelsh/230428_VH00319_347_AACMN53M5/Unaligned/Project_fwelsh/18C_c2_S18_R1_001.fastq.gz,libA_230425_1_antibody_18C_0.047451_1.fastq.gz
/fh/fast/bloom_j/SR/ngs/illumina/fwelsh/230428_VH00319_347_AACMN53M5/Unaligned/Project_fwelsh/18C_c3_S19_R1_001.fastq.gz,libA_230425_1_antibody_18C_0.0237255_1.fastq.gz
/fh/fast/bloom_j/SR/ngs/illumina/fwelsh/230428_VH00319_347_AACMN53M5/Unaligned/Project_fwelsh/18C_c4_S20_R1_001.fastq.gz,libA_230425_1_antibody_18C_0.01186275_1.fastq.gz
/fh/fast/bloom_j/SR/ngs/illumina/fwelsh/230428_VH00319_347_AACMN53M5/Unaligned/Project_fwelsh/no-Ab_1_S21_R1_001.fastq.gz,libA_230425_1_no-antibody_control_none_none_1.fastq.gz
/fh/fast/bloom_j/SR/ngs/illumina/fwelsh/230428_VH00319_347_AACMN53M5/Unaligned/Project_fwelsh/no-Ab_2_S22_R1_001.fastq.gz,libA_230425_1_no-antibody_control_none_none_1.fastq.gz
/fh/fast/bloom_j/SR/ngs/illumina/fwelsh/230428_VH00319_347_AACMN53M5/Unaligned/Project_fwelsh/no-Ab_3_S23_R1_001.fastq.gz,libA_230425_1_no-antibody_control_none_none_1.fastq.gz
/fh/fast/bloom_j/SR/ngs/illumina/fwelsh/230508_VH00319_352_AAC3F5KHV/Unaligned/Project_fwelsh/34C_c1_S1_R1_001.fastq.gz,libB_230502_1_antibody_34C_0.004_1.fastq.gz
/fh/fast/bloom_j/SR/ngs/illumina/fwelsh/230508_VH00319_352_AAC3F5KHV/Unaligned/Project_fwelsh/34C_c2_S2_R1_001.fastq.gz,libB_230502_1_antibody_34C_0.002_1.fastq.gz
/fh/fast/bloom_j/SR/ngs/illumina/fwelsh/230508_VH00319_352_AAC3F5KHV/Unaligned/Project_fwelsh/34C_c3_S3_R1_001.fastq.gz,libB_230502_1_antibody_34C_0.001_1.fastq.gz
/fh/fast/bloom_j/SR/ngs/illumina/fwelsh/230508_VH00319_352_AAC3F5KHV/Unaligned/Project_fwelsh/215C_c1_S4_R1_001.fastq.gz,libB_230502_1_antibody_215C_0.0088_1.fastq.gz
/fh/fast/bloom_j/SR/ngs/illumina/fwelsh/230508_VH00319_352_AAC3F5KHV/Unaligned/Project_fwelsh/215C_c2_S5_R1_001.fastq.gz,libB_230502_1_antibody_215C_0.0044_1.fastq.gz
/fh/fast/bloom_j/SR/ngs/illumina/fwelsh/230508_VH00319_352_AAC3F5KHV/Unaligned/Project_fwelsh/215C_c3_S6_R1_001.fastq.gz,libB_230502_1_antibody_215C_0.0022_1.fastq.gz
/fh/fast/bloom_j/SR/ngs/illumina/fwelsh/230508_VH00319_352_AAC3F5KHV/Unaligned/Project_fwelsh/33C_c1_S7_R1_001.fastq.gz,libB_230502_1_antibody_33C_0.02_2.fastq.gz
/fh/fast/bloom_j/SR/ngs/illumina/fwelsh/230508_VH00319_352_AAC3F5KHV/Unaligned/Project_fwelsh/33C_c2_S8_R1_001.fastq.gz,libB_230502_1_antibody_33C_0.01_2.fastq.gz
/fh/fast/bloom_j/SR/ngs/illumina/fwelsh/230508_VH00319_352_AAC3F5KHV/Unaligned/Project_fwelsh/33C_c3_S9_R1_001.fastq.gz,libB_230502_1_antibody_33C_0.005_2.fastq.gz
/fh/fast/bloom_j/SR/ngs/illumina/fwelsh/230508_VH00319_352_AAC3F5KHV/Unaligned/Project_fwelsh/199C_c1_S10_R1_001.fastq.gz,libB_230502_1_antibody_199C_0.06_2.fastq.gz
/fh/fast/bloom_j/SR/ngs/illumina/fwelsh/230508_VH00319_352_AAC3F5KHV/Unaligned/Project_fwelsh/199C_c2_S11_R1_001.fastq.gz,libB_230502_1_antibody_199C_0.03_2.fastq.gz
/fh/fast/bloom_j/SR/ngs/illumina/fwelsh/230508_VH00319_352_AAC3F5KHV/Unaligned/Project_fwelsh/199C_c3_S12_R1_001.fastq.gz,libB_230502_1_antibody_199C_0.015_2.fastq.gz
/fh/fast/bloom_j/SR/ngs/illumina/fwelsh/230508_VH00319_352_AAC3F5KHV/Unaligned/Project_fwelsh/197C_c1_S13_R1_001.fastq.gz,libB_230502_1_antibody_197C_0.0474_2.fastq.gz
/fh/fast/bloom_j/SR/ngs/illumina/fwelsh/230508_VH00319_352_AAC3F5KHV/Unaligned/Project_fwelsh/197C_c2_S14_R1_001.fastq.gz,libB_230502_1_antibody_197C_0.0237_2.fastq.gz
/fh/fast/bloom_j/SR/ngs/illumina/fwelsh/230508_VH00319_352_AAC3F5KHV/Unaligned/Project_fwelsh/197C_c3_S15_R1_001.fastq.gz,libB_230502_1_antibody_197C_0.01185_2.fastq.gz
/fh/fast/bloom_j/SR/ngs/illumina/fwelsh/230508_VH00319_352_AAC3F5KHV/Unaligned/Project_fwelsh/74C_c1_S16_R1_001.fastq.gz,libB_230502_1_antibody_74C_0.035_2.fastq.gz
/fh/fast/bloom_j/SR/ngs/illumina/fwelsh/230508_VH00319_352_AAC3F5KHV/Unaligned/Project_fwelsh/74C_c2_S17_R1_001.fastq.gz,libB_230502_1_antibody_74C_0.0175_2.fastq.gz
/fh/fast/bloom_j/SR/ngs/illumina/fwelsh/230508_VH00319_352_AAC3F5KHV/Unaligned/Project_fwelsh/74C_c3_S18_R1_001.fastq.gz,libB_230502_1_antibody_74C_0.00875_2.fastq.gz
/fh/fast/bloom_j/SR/ngs/illumina/fwelsh/230508_VH00319_352_AAC3F5KHV/Unaligned/Project_fwelsh/68C_c1_S19_R1_001.fastq.gz,libB_230502_1_antibody_68C_0.09_2.fastq.gz
/fh/fast/bloom_j/SR/ngs/illumina/fwelsh/230508_VH00319_352_AAC3F5KHV/Unaligned/Project_fwelsh/68C_c2_S20_R1_001.fastq.gz,libB_230502_1_antibody_68C_0.045_2.fastq.gz
/fh/fast/bloom_j/SR/ngs/illumina/fwelsh/230508_VH00319_352_AAC3F5KHV/Unaligned/Project_fwelsh/68C_c3_S21_R1_001.fastq.gz,libB_230502_1_antibody_68C_0.0225_2.fastq.gz
/fh/fast/bloom_j/SR/ngs/illumina/fwelsh/230508_VH00319_352_AAC3F5KHV/Unaligned/Project_fwelsh/150C_c1_S22_R1_001.fastq.gz,libB_230502_1_antibody_150C_0.0472_2.fastq.gz
/fh/fast/bloom_j/SR/ngs/illumina/fwelsh/230508_VH00319_352_AAC3F5KHV/Unaligned/Project_fwelsh/150C_c2_S23_R1_001.fastq.gz,libB_230502_1_antibody_150C_0.0236_2.fastq.gz
/fh/fast/bloom_j/SR/ngs/illumina/fwelsh/230508_VH00319_352_AAC3F5KHV/Unaligned/Project_fwelsh/150C_c3_S24_R1_001.fastq.gz,libB_230502_1_antibody_150C_0.0118_2.fastq.gz
/fh/fast/bloom_j/SR/ngs/illumina/fwelsh/230508_VH00319_352_AAC3F5KHV/Unaligned/Project_fwelsh/18C_c1_S25_R1_001.fastq.gz,libB_230502_1_antibody_18C_0.0474_2.fastq.gz
/fh/fast/bloom_j/SR/ngs/illumina/fwelsh/230508_VH00319_352_AAC3F5KHV/Unaligned/Project_fwelsh/18C_c2_S26_R1_001.fastq.gz,libB_230502_1_antibody_18C_0.0237_2.fastq.gz
/fh/fast/bloom_j/SR/ngs/illumina/fwelsh/230508_VH00319_352_AAC3F5KHV/Unaligned/Project_fwelsh/18C_c3_S27_R1_001.fastq.gz,libB_230502_1_antibody_18C_0.01185_2.fastq.gz
/fh/fast/bloom_j/SR/ngs/illumina/fwelsh/230508_VH00319_352_AAC3F5KHV/Unaligned/Project_fwelsh/210C_c1_S28_R1_001.fastq.gz,libB_230502_1_antibody_210C_0.09_2.fastq.gz
/fh/fast/bloom_j/SR/ngs/illumina/fwelsh/230508_VH00319_352_AAC3F5KHV/Unaligned/Project_fwelsh/210C_c2_S29_R1_001.fastq.gz,libB_230502_1_antibody_210C_0.045_2.fastq.gz
/fh/fast/bloom_j/SR/ngs/illumina/fwelsh/230508_VH00319_352_AAC3F5KHV/Unaligned/Project_fwelsh/210C_c3_S30_R1_001.fastq.gz,libB_230502_1_antibody_210C_0.0225_2.fastq.gz
/fh/fast/bloom_j/SR/ngs/illumina/fwelsh/230508_VH00319_352_AAC3F5KHV/Unaligned/Project_fwelsh/210C_c4_S31_R1_001.fastq.gz,libB_230502_1_antibody_210C_0.01125_2.fastq.gz
/fh/fast/bloom_j/SR/ngs/illumina/fwelsh/230508_VH00319_352_AAC3F5KHV/Unaligned/Project_fwelsh/no-Ab_1_S32_R1_001.fastq.gz,libB_230502_1_no-antibody_control_none_none_1.fastq.gz
/fh/fast/bloom_j/SR/ngs/illumina/fwelsh/230508_VH00319_352_AAC3F5KHV/Unaligned/Project_fwelsh/no-Ab_2_S33_R1_001.fastq.gz,libB_230502_1_no-antibody_control_none_none_1.fastq.gz
/fh/fast/bloom_j/SR/ngs/illumina/fwelsh/230508_VH00319_352_AAC3F5KHV/Unaligned/Project_fwelsh/no-Ab_1_S32_R1_001.fastq.gz,libB_230502_1_no-antibody_control_none_none_2.fastq.gz
/fh/fast/bloom_j/SR/ngs/illumina/fwelsh/230508_VH00319_352_AAC3F5KHV/Unaligned/Project_fwelsh/no-Ab_2_S33_R1_001.fastq.gz,libB_230502_1_no-antibody_control_none_none_2.fastq.gz
/fh/fast/bloom_j/SR/ngs/illumina/fwelsh/230707_VH01189_134_AAC3MGVHV/Unaligned/Project_fwelsh/2388_c1_S1_R1_001.fastq.gz,libA_230620_1_antibody_2388_0.04_2.fastq.gz
/fh/fast/bloom_j/SR/ngs/illumina/fwelsh/230707_VH01189_134_AAC3MGVHV/Unaligned/Project_fwelsh/2388_c2_S2_R1_001.fastq.gz,libA_230620_1_antibody_2388_0.02_2.fastq.gz
/fh/fast/bloom_j/SR/ngs/illumina/fwelsh/230707_VH01189_134_AAC3MGVHV/Unaligned/Project_fwelsh/2388_c3_S3_R1_001.fastq.gz,libA_230620_1_antibody_2388_0.01_2.fastq.gz
/fh/fast/bloom_j/SR/ngs/illumina/fwelsh/230707_VH01189_134_AAC3MGVHV/Unaligned/Project_fwelsh/2462_c1_S4_R1_001.fastq.gz,libA_230620_1_antibody_2462_0.024_1.fastq.gz
/fh/fast/bloom_j/SR/ngs/illumina/fwelsh/230707_VH01189_134_AAC3MGVHV/Unaligned/Project_fwelsh/2462_c2_S5_R1_001.fastq.gz,libA_230620_1_antibody_2462_0.012_1.fastq.gz
/fh/fast/bloom_j/SR/ngs/illumina/fwelsh/230707_VH01189_134_AAC3MGVHV/Unaligned/Project_fwelsh/2462_c3_S6_R1_001.fastq.gz,libA_230620_1_antibody_2462_0.006_1.fastq.gz
/fh/fast/bloom_j/SR/ngs/illumina/fwelsh/230707_VH01189_134_AAC3MGVHV/Unaligned/Project_fwelsh/2463_c1_S7_R1_001.fastq.gz,libA_230620_1_antibody_2463_0.0355_2.fastq.gz
/fh/fast/bloom_j/SR/ngs/illumina/fwelsh/230707_VH01189_134_AAC3MGVHV/Unaligned/Project_fwelsh/2463_c2_S8_R1_001.fastq.gz,libA_230620_1_antibody_2463_0.02375_2.fastq.gz
/fh/fast/bloom_j/SR/ngs/illumina/fwelsh/230707_VH01189_134_AAC3MGVHV/Unaligned/Project_fwelsh/2463_c3_S9_R1_001.fastq.gz,libA_230620_1_antibody_2463_0.012_2.fastq.gz
/fh/fast/bloom_j/SR/ngs/illumina/fwelsh/230707_VH01189_134_AAC3MGVHV/Unaligned/Project_fwelsh/3866_c1_S10_R1_001.fastq.gz,libA_230620_1_antibody_3866_0.008_1.fastq.gz
/fh/fast/bloom_j/SR/ngs/illumina/fwelsh/230707_VH01189_134_AAC3MGVHV/Unaligned/Project_fwelsh/3866_c2_S11_R1_001.fastq.gz,libA_230620_1_antibody_3866_0.004_1.fastq.gz
/fh/fast/bloom_j/SR/ngs/illumina/fwelsh/230707_VH01189_134_AAC3MGVHV/Unaligned/Project_fwelsh/3866_c3_S12_R1_001.fastq.gz,libA_230620_1_antibody_3866_0.002_1.fastq.gz
/fh/fast/bloom_j/SR/ngs/illumina/fwelsh/230707_VH01189_134_AAC3MGVHV/Unaligned/Project_fwelsh/3944_c1_S13_R1_001.fastq.gz,libA_230620_1_antibody_3944_0.006_1.fastq.gz
/fh/fast/bloom_j/SR/ngs/illumina/fwelsh/230707_VH01189_134_AAC3MGVHV/Unaligned/Project_fwelsh/3944_c2_S14_R1_001.fastq.gz,libA_230620_1_antibody_3944_0.003_1.fastq.gz
/fh/fast/bloom_j/SR/ngs/illumina/fwelsh/230707_VH01189_134_AAC3MGVHV/Unaligned/Project_fwelsh/3944_c3_S15_R1_001.fastq.gz,libA_230620_1_antibody_3944_0.0015_1.fastq.gz
/fh/fast/bloom_j/SR/ngs/illumina/fwelsh/230707_VH01189_134_AAC3MGVHV/Unaligned/Project_fwelsh/4299_c1_S16_R1_001.fastq.gz,libA_230620_1_antibody_4299_0.045_2.fastq.gz
/fh/fast/bloom_j/SR/ngs/illumina/fwelsh/230707_VH01189_134_AAC3MGVHV/Unaligned/Project_fwelsh/4299_c2_S17_R1_001.fastq.gz,libA_230620_1_antibody_4299_0.0225_2.fastq.gz
/fh/fast/bloom_j/SR/ngs/illumina/fwelsh/230707_VH01189_134_AAC3MGVHV/Unaligned/Project_fwelsh/4299_c3_S18_R1_001.fastq.gz,libA_230620_1_antibody_4299_0.01125_2.fastq.gz
/fh/fast/bloom_j/SR/ngs/illumina/fwelsh/230707_VH01189_134_AAC3MGVHV/Unaligned/Project_fwelsh/4584_c1_S19_R1_001.fastq.gz,libA_230620_1_antibody_4584_0.064_2.fastq.gz
/fh/fast/bloom_j/SR/ngs/illumina/fwelsh/230707_VH01189_134_AAC3MGVHV/Unaligned/Project_fwelsh/4584_c2_S20_R1_001.fastq.gz,libA_230620_1_antibody_4584_0.032_2.fastq.gz
/fh/fast/bloom_j/SR/ngs/illumina/fwelsh/230707_VH01189_134_AAC3MGVHV/Unaligned/Project_fwelsh/4584_c3_S21_R1_001.fastq.gz,libA_230620_1_antibody_4584_0.016_2.fastq.gz
/fh/fast/bloom_j/SR/ngs/illumina/fwelsh/230707_VH01189_134_AAC3MGVHV/Unaligned/Project_fwelsh/no-Ab_1_S28_R1_001.fastq.gz,libA_230620_1_no-antibody_control_none_none_1.fastq.gz
/fh/fast/bloom_j/SR/ngs/illumina/fwelsh/230707_VH01189_134_AAC3MGVHV/Unaligned/Project_fwelsh/no-Ab_2_S29_R1_001.fastq.gz,libA_230620_1_no-antibody_control_none_none_1.fastq.gz
/fh/fast/bloom_j/SR/ngs/illumina/fwelsh/230707_VH01189_134_AAC3MGVHV/Unaligned/Project_fwelsh/no-Ab_3_S30_R1_001.fastq.gz,libA_230620_1_no-antibody_control_none_none_1.fastq.gz
/fh/fast/bloom_j/SR/ngs/illumina/fwelsh/230707_VH01189_134_AAC3MGVHV/Unaligned/Project_fwelsh/no-Ab_1_S28_R1_001.fastq.gz,libA_230620_1_no-antibody_control_none_none_2.fastq.gz
/fh/fast/bloom_j/SR/ngs/illumina/fwelsh/230707_VH01189_134_AAC3MGVHV/Unaligned/Project_fwelsh/no-Ab_2_S29_R1_001.fastq.gz,libA_230620_1_no-antibody_control_none_none_2.fastq.gz
/fh/fast/bloom_j/SR/ngs/illumina/fwelsh/230707_VH01189_134_AAC3MGVHV/Unaligned/Project_fwelsh/no-Ab_3_S30_R1_001.fastq.gz,libA_230620_1_no-antibody_control_none_none_2.fastq.gz
/fh/fast/bloom_j/SR/ngs/illumina/fwelsh/220303_VH00319_162_AAATVT7M5/Unaligned/Project_fwelsh/libA_plasmid_S17_R1_001.fastq.gz,libA_220303_1_plasmid_none_none_1.fastq.gz
/fh/fast/bloom_j/SR/ngs/illumina/fwelsh/220303_VH00319_162_AAATVT7M5/Unaligned/Project_fwelsh/libB_plasmid_S18_R1_001.fastq.gz,libB_220303_1_plasmid_none_none_1.fastq.gz
